create database product_subquery;
use product_subquery;

CREATE TABLE Products (
    ProductID INT PRIMARY KEY,
    ProductName VARCHAR(50),
    Category VARCHAR(30),
    Price DECIMAL(10, 2),
    Stock INT
);

CREATE TABLE Customers (
    CustomerID INT PRIMARY KEY,
    Name VARCHAR(50),
    City VARCHAR(30),
    Age INT
);

CREATE TABLE Orders (
    OrderID INT PRIMARY KEY,
    CustomerID INT,
    ProductID INT,
    Quantity INT,
    OrderDate DATE,
    FOREIGN KEY (CustomerID) REFERENCES Customers(CustomerID),
    FOREIGN KEY (ProductID) REFERENCES Products(ProductID)
);

INSERT INTO Products (ProductID, ProductName, Category, Price, Stock) VALUES
(1, 'Laptop', 'Electronics', 800.00, 50),
(2, 'Smartphone', 'Electronics', 500.00, 100),
(3, 'Headphones', 'Accessories', 75.00, 200),
(4, 'Tablet', 'Electronics', 300.00, 60),
(5, 'Camera', 'Electronics', 400.00, 40),
(6, 'Charger', 'Accessories', 20.00, 500),
(7, 'Monitor', 'Electronics', 150.00, 70),
(8, 'Keyboard', 'Accessories', 45.00, 300),
(9, 'Mouse', 'Accessories', 25.00, 400),
(10, 'Speaker', 'Accessories', 100.00, 80),
(11, 'Jeans', 'Fashion', 1000.00, 100),
(12, 'Kurtas', 'Fashion', 1200.00, 70),
(13, 'Sandals', 'Footwear', 300.00, 400),
(14, 'Costmetics', 'Face', 3000.00, 1000),
(15, 'Hair dryer', 'Electronics', 1500.00, 80),
(16, 'Jackets', 'Fashion', 2000.00, 300),
(17, 'Tables', 'Furniture', 400.00, 120),
(18, 'Chairs', 'Furniture', 700.00, 50),
(19, 'Sofas', 'Furniture', 2500.00, 20),
(20, 'Cooker', 'Kitchen', 950.00, 80),
(21, 'Dinning table', 'Furniture', 5000.00, 30),
(22, 'Plates', 'Kitchen', 230.00, 150);




INSERT INTO Customers (CustomerID, Name, City, Age) VALUES
(1, 'Alice Johnson', 'New York', 28),
(2, 'Bob Smith', 'Los Angeles', 34),
(3, 'Carol White', 'Chicago', 23),
(4, 'David Lee', 'Houston', 40),
(5, 'Eve Williams', 'Phoenix', 30),
(6, 'Frank Brown', 'Seattle', 27),
(7, 'Grace Taylor', 'Austin', 35),
(8, 'Henry Thomas', 'San Diego', 25),
(9, 'Isla Walker', 'Boston', 32),
(10, 'Jack King', 'San Francisco', 29);

INSERT INTO Orders (OrderID, CustomerID, ProductID, Quantity, OrderDate) VALUES
(1, 2, 1, 2, '2024-01-15'),
(2, 1, 2, 1, '2024-01-18'),
(3, 1, 4, 3, '2024-01-18'),
(4, 1, 3, 1, '2024-01-22'),
(5, 5, 6, 1, '2024-01-22'),
(6, 4, 9, 5, '2024-01-22'),
(7, 5, 7, 2, '2024-02-01'),
(8, 6, 18, 3, '2024-02-05'),
(9, 6, 17, 4, '2024-02-05'),
(11, 5, 10, 1, '2024-02-15'),
(12, 8, 21, 1, '2024-02-11'),
(13 ,9 ,15 ,2 ,'2024-02-21'),
(14 ,10 ,20 ,4 ,'2024-02-25'),
(15 ,9 ,17 ,7 ,'2024-02-27'),
(16 ,10 ,13 ,2 ,'2024-05-03'),
(17 ,5 ,12 ,1 ,'2024-06-23'),
(18 ,8 ,16 ,1 ,'2024-06-26'),
(19 ,7 ,18 ,8 ,'2024-07-01'),
(20 , 10 ,11 ,10,'2024-07-13'),
(21 , 8 , 5, 2 ,'2024-08-21'),
(22 , 9 , 8 , 1 , '2024-11-12');

CREATE TABLE ProductReviews (
    ReviewID INT PRIMARY KEY AUTO_INCREMENT,
    ProductID INT,
    CustomerID INT,
    Rating INT CHECK (Rating BETWEEN 1 AND 5),
    ReviewText TEXT,
    ReviewDate DATE,
    FOREIGN KEY (ProductID) REFERENCES Products(ProductID),
    FOREIGN KEY (CustomerID) REFERENCES Customers(CustomerID)
);

INSERT INTO ProductReviews (ProductID, CustomerID, Rating, ReviewText, ReviewDate) VALUES
(1, 2, 5, 'Excellent performance and build quality.', '2024-01-20'),
(2, 1, 4, 'Good phone but battery life could be better.', '2024-01-19'),
(6, 5, 3, 'Average charger. Heats up sometimes.', '2024-01-23'),
(13, 10, 4, 'Comfortable and stylish sandals.', '2024-05-05'),
(17, 9, 5, 'Strong and sturdy. Value for money.', '2024-02-28'),
(21, 8, 2, 'Very expensive for the quality.', '2024-03-01');


CREATE TABLE ProductSupplier (
    ProductID INT,
    SupplierID INT,
    SupplyDate DATE,
    PRIMARY KEY (ProductID, SupplierID),
    FOREIGN KEY (ProductID) REFERENCES Products(ProductID),
    FOREIGN KEY (SupplierID) REFERENCES Suppliers(SupplierID)
);

INSERT INTO ProductSupplier (ProductID, SupplierID, SupplyDate) VALUES
(1, 1, '2023-12-01'),
(2, 3, '2023-12-05'),
(11, 2, '2024-01-10'),
(17, 4, '2023-11-20'),
(20, 5, '2024-02-01');


CREATE TABLE Suppliers (
    SupplierID INT PRIMARY KEY AUTO_INCREMENT,
    SupplierName VARCHAR(50),
    ContactEmail VARCHAR(50),
    City VARCHAR(30)
);

INSERT INTO Suppliers (SupplierName, ContactEmail, City) VALUES
('Tech Distributors', 'contact@techdist.com', 'New York'),
('Fashion Hub', 'sales@fashionhub.com', 'Los Angeles'),
('Gadget World', 'info@gadgetworld.com', 'Chicago'),
('Home Essentials', 'support@homeessentials.com', 'Houston'),
('KitchenMart', 'help@kitchenmart.com', 'Phoenix');

#1.	Top 5 Best-Selling Products
select p.ProductName, sum(o.Quantity) as TotalSold from Orders o join Products p on o.ProductID = p.ProductID group by o.ProductID order by TotalSold desc limit 5;

#2.	Total Revenue Generated by Each Product Category
select p.Category, sum(o.Quantity * p.Price) as TotalRevenue from Orders o join Products p on o.ProductID = p.ProductID group by p.Category;

#3.	Average Rating of Each Product
select p.ProductName, round(avg(pr.Rating), 2) as AverageRating from ProductReviews pr join Products p on pr.ProductID = p.ProductID group by pr.ProductID;

#4.	Check Product Stock Status (Low Stock Alert less than 50) 
select ProductName, Stock from Products where Stock < 50;

#5.	Most Active Customers (Highest Number of Orders)
select c.Name, count(o.OrderID) as OrderCount from Customers c join Orders o on c.CustomerID = o.CustomerID group by c.CustomerID order by OrderCount desc;

#6.	List of Products with No Reviews
 
#7.	Top Reviewed Products (Most Number of Reviews)
select p.ProductName, count(pr.ReviewID) as ReviewCount from ProductReviews pr join Products p on pr.ProductID = p.ProductID group by pr.ProductID order by ReviewCount desc;

#8.	Name of the customers Who Spent More Than ₹2000 
select c.Name, sum(o.Quantity * p.Price) as TotalSpent from Customers c join Orders o on c.CustomerID = o.CustomerID join Products p on o.ProductID = p.ProductID group by c.CustomerID having TotalSpent > 2000;

#9.	Average Rating of Each Product 

#10.Find Customers Who Bought More Than 3 Different Products 
select c.Name, count(distinct o.ProductID) as ProductCount from Customers c join Orders o on c.CustomerID = o.CustomerID group by c.CustomerID having ProductCount > 3;

#11.List of Products Never Ordered 

#12.Average Order Quantity Per Product 
select p.ProductName, round(avg(o.Quantity), 0) as AvgQuantity from Orders o join Products p on o.ProductID = p.ProductID group by o.ProductID;

#13.Customer Product Feedback Summary 

#14.Average Age of Customers Per City 
select City, round(avg(Age), 2) as AvgAge from Customers group by City;

#15.Most Expensive Product in Each Category 
select category, productname, price from products p where price = (select max(price) from products p2 where p2.category = p.category);

#16.Monthly Sales Report
 
